USE [ADOTest]
GO
/****** Object:  Table [dbo].[ACCOUNTS]    Script Date: 07.11.2017 23:18:29 ******/
SET ANSI_NULLS ON
GO
SET QUOTED_IDENTIFIER ON
GO
CREATE TABLE [dbo].[ACCOUNTS](
	[ACCOUNTS_ID] [int] NOT NULL,
	[DESCRIPTION] [text] NULL,
	[BANKS_ID] [int] NULL,
	[ACCOUNTS_SUM] [real] NOT NULL,
	[ACCOUNT] [int] NOT NULL,
PRIMARY KEY CLUSTERED 
(
	[ACCOUNTS_ID] ASC
)WITH (PAD_INDEX = OFF, STATISTICS_NORECOMPUTE = OFF, IGNORE_DUP_KEY = OFF, ALLOW_ROW_LOCKS = ON, ALLOW_PAGE_LOCKS = ON) ON [PRIMARY]
) ON [PRIMARY] TEXTIMAGE_ON [PRIMARY]

GO
/****** Object:  Table [dbo].[ACCOUNTS_TO_CLIENTS]    Script Date: 07.11.2017 23:18:30 ******/
SET ANSI_NULLS ON
GO
SET QUOTED_IDENTIFIER ON
GO
CREATE TABLE [dbo].[ACCOUNTS_TO_CLIENTS](
	[ACCOUNTS_TO_CLIENTS_ID] [int] NOT NULL,
	[ACCOUNTS_ID] [int] NULL,
	[CLIENTS_ID] [int] NULL,
	[INDICATION] [int] NULL,
PRIMARY KEY CLUSTERED 
(
	[ACCOUNTS_TO_CLIENTS_ID] ASC
)WITH (PAD_INDEX = OFF, STATISTICS_NORECOMPUTE = OFF, IGNORE_DUP_KEY = OFF, ALLOW_ROW_LOCKS = ON, ALLOW_PAGE_LOCKS = ON) ON [PRIMARY]
) ON [PRIMARY]

GO
/****** Object:  Table [dbo].[BANKS]    Script Date: 07.11.2017 23:18:30 ******/
SET ANSI_NULLS ON
GO
SET QUOTED_IDENTIFIER ON
GO
CREATE TABLE [dbo].[BANKS](
	[BANKS_NAME] [text] NOT NULL,
	[REGION_INFO] [text] NOT NULL,
	[BANKS_ID] [int] NOT NULL,
PRIMARY KEY CLUSTERED 
(
	[BANKS_ID] ASC
)WITH (PAD_INDEX = OFF, STATISTICS_NORECOMPUTE = OFF, IGNORE_DUP_KEY = OFF, ALLOW_ROW_LOCKS = ON, ALLOW_PAGE_LOCKS = ON) ON [PRIMARY]
) ON [PRIMARY] TEXTIMAGE_ON [PRIMARY]

GO
/****** Object:  Table [dbo].[CLIENTS]    Script Date: 07.11.2017 23:18:30 ******/
SET ANSI_NULLS ON
GO
SET QUOTED_IDENTIFIER ON
GO
CREATE TABLE [dbo].[CLIENTS](
	[CLIENTS_ID] [int] NOT NULL,
	[CLIENTS_NAME] [text] NOT NULL,
	[CLIENTS_PHONE] [text] NOT NULL,
	[CLIENTS_MAIL] [text] NULL,
PRIMARY KEY CLUSTERED 
(
	[CLIENTS_ID] ASC
)WITH (PAD_INDEX = OFF, STATISTICS_NORECOMPUTE = OFF, IGNORE_DUP_KEY = OFF, ALLOW_ROW_LOCKS = ON, ALLOW_PAGE_LOCKS = ON) ON [PRIMARY]
) ON [PRIMARY] TEXTIMAGE_ON [PRIMARY]

GO
/****** Object:  Table [dbo].[DEPARTMENTS]    Script Date: 07.11.2017 23:18:30 ******/
SET ANSI_NULLS ON
GO
SET QUOTED_IDENTIFIER ON
GO
CREATE TABLE [dbo].[DEPARTMENTS](
	[DEPARTMENTS_ID] [int] NOT NULL,
	[DEPARTMENTS_NAME] [text] NOT NULL,
	[REGION_INFO] [text] NULL,
PRIMARY KEY CLUSTERED 
(
	[DEPARTMENTS_ID] ASC
)WITH (PAD_INDEX = OFF, STATISTICS_NORECOMPUTE = OFF, IGNORE_DUP_KEY = OFF, ALLOW_ROW_LOCKS = ON, ALLOW_PAGE_LOCKS = ON) ON [PRIMARY]
) ON [PRIMARY] TEXTIMAGE_ON [PRIMARY]

GO
/****** Object:  Table [dbo].[EMPLOYEES]    Script Date: 07.11.2017 23:18:30 ******/
SET ANSI_NULLS ON
GO
SET QUOTED_IDENTIFIER ON
GO
CREATE TABLE [dbo].[EMPLOYEES](
	[EMPLOYEES_ID] [int] NOT NULL,
	[EMPLOYEES_NAME] [text] NOT NULL,
	[PHONE] [text] NULL,
	[MAIL] [text] NULL,
	[SALARY] [int] NULL,
	[DEPARTMENTS_ID] [int] NULL,
PRIMARY KEY CLUSTERED 
(
	[EMPLOYEES_ID] ASC
)WITH (PAD_INDEX = OFF, STATISTICS_NORECOMPUTE = OFF, IGNORE_DUP_KEY = OFF, ALLOW_ROW_LOCKS = ON, ALLOW_PAGE_LOCKS = ON) ON [PRIMARY]
) ON [PRIMARY] TEXTIMAGE_ON [PRIMARY]

GO
/****** Object:  Table [dbo].[EMPLOYEES_TO_GROUPS]    Script Date: 07.11.2017 23:18:30 ******/
SET ANSI_NULLS ON
GO
SET QUOTED_IDENTIFIER ON
GO
CREATE TABLE [dbo].[EMPLOYEES_TO_GROUPS](
	[EMPLOYEES_TO_GROUPS_ID] [int] NOT NULL,
	[GROUPS_ID] [int] NULL,
	[EMPLOYEES_ID] [int] NULL,
	[DESCRIPTION] [text] NULL,
PRIMARY KEY CLUSTERED 
(
	[EMPLOYEES_TO_GROUPS_ID] ASC
)WITH (PAD_INDEX = OFF, STATISTICS_NORECOMPUTE = OFF, IGNORE_DUP_KEY = OFF, ALLOW_ROW_LOCKS = ON, ALLOW_PAGE_LOCKS = ON) ON [PRIMARY]
) ON [PRIMARY] TEXTIMAGE_ON [PRIMARY]

GO
/****** Object:  Table [dbo].[EMPLOYEES_TO_GROUPS_HISTORY]    Script Date: 07.11.2017 23:18:30 ******/
SET ANSI_NULLS ON
GO
SET QUOTED_IDENTIFIER ON
GO
CREATE TABLE [dbo].[EMPLOYEES_TO_GROUPS_HISTORY](
	[EMPLOYEES_TO_GROUPS_HISTORY_ID] [int] NOT NULL,
	[GROUPS_ID] [int] NULL,
	[EMPLOYEES_ID] [int] NULL,
	[BEGIN_DATE] [datetime] NULL,
	[END_DATE] [datetime] NULL,
	[LOG_TIME] [datetime] NULL,
PRIMARY KEY CLUSTERED 
(
	[EMPLOYEES_TO_GROUPS_HISTORY_ID] ASC
)WITH (PAD_INDEX = OFF, STATISTICS_NORECOMPUTE = OFF, IGNORE_DUP_KEY = OFF, ALLOW_ROW_LOCKS = ON, ALLOW_PAGE_LOCKS = ON) ON [PRIMARY]
) ON [PRIMARY]

GO
/****** Object:  Table [dbo].[GROUPS]    Script Date: 07.11.2017 23:18:30 ******/
SET ANSI_NULLS ON
GO
SET QUOTED_IDENTIFIER ON
GO
CREATE TABLE [dbo].[GROUPS](
	[GROUPS_ID] [int] NOT NULL,
	[DESCRIPTION] [text] NULL,
	[GROUPS_NAME] [text] NULL,
	[GROUPS_ROLE] [int] NULL,
	[MAIN_GROUPS_ID] [int] NULL,
	[GROUPS_TITLE] [text] NULL,
PRIMARY KEY CLUSTERED 
(
	[GROUPS_ID] ASC
)WITH (PAD_INDEX = OFF, STATISTICS_NORECOMPUTE = OFF, IGNORE_DUP_KEY = OFF, ALLOW_ROW_LOCKS = ON, ALLOW_PAGE_LOCKS = ON) ON [PRIMARY]
) ON [PRIMARY] TEXTIMAGE_ON [PRIMARY]

GO
/****** Object:  Table [dbo].[MY_LOGS]    Script Date: 07.11.2017 23:18:30 ******/
SET ANSI_NULLS ON
GO
SET QUOTED_IDENTIFIER ON
GO
CREATE TABLE [dbo].[MY_LOGS](
	[MY_LOGS_ID] [int] NOT NULL,
	[ACTION] [text] NULL,
	[TBL_NAME] [text] NULL,
	[ID_ROW] [int] NULL,
	[LOG_INFO] [text] NULL,
	[LOG_TIME] [text] NULL,
	[COLUMN_NAME] [text] NULL,
	[OLD_VALUE] [text] NULL,
	[NEW_VALUE] [text] NULL,
PRIMARY KEY CLUSTERED 
(
	[MY_LOGS_ID] ASC
)WITH (PAD_INDEX = OFF, STATISTICS_NORECOMPUTE = OFF, IGNORE_DUP_KEY = OFF, ALLOW_ROW_LOCKS = ON, ALLOW_PAGE_LOCKS = ON) ON [PRIMARY]
) ON [PRIMARY] TEXTIMAGE_ON [PRIMARY]

GO
/****** Object:  Table [dbo].[ORDERS]    Script Date: 07.11.2017 23:18:30 ******/
SET ANSI_NULLS ON
GO
SET QUOTED_IDENTIFIER ON
GO
CREATE TABLE [dbo].[ORDERS](
	[ORDERS_ID] [int] NOT NULL,
	[DESCRIPTION] [text] NULL,
	[ORDERS_DATE] [text] NULL,
	[TOTAL_COSTS] [real] NULL,
	[CLIENTS_ID] [int] NULL,
PRIMARY KEY CLUSTERED 
(
	[ORDERS_ID] ASC
)WITH (PAD_INDEX = OFF, STATISTICS_NORECOMPUTE = OFF, IGNORE_DUP_KEY = OFF, ALLOW_ROW_LOCKS = ON, ALLOW_PAGE_LOCKS = ON) ON [PRIMARY]
) ON [PRIMARY] TEXTIMAGE_ON [PRIMARY]

GO
/****** Object:  Table [dbo].[ORDERS_POSITIONS]    Script Date: 07.11.2017 23:18:30 ******/
SET ANSI_NULLS ON
GO
SET QUOTED_IDENTIFIER ON
GO
CREATE TABLE [dbo].[ORDERS_POSITIONS](
	[ORDERS_POSITIONS_ID] [int] NOT NULL,
	[ORDERS_ID] [int] NULL,
	[PRODUCTS_ID] [int] NULL,
	[PRICE] [real] NULL,
	[ITEM_COUNT] [int] NULL,
PRIMARY KEY CLUSTERED 
(
	[ORDERS_POSITIONS_ID] ASC
)WITH (PAD_INDEX = OFF, STATISTICS_NORECOMPUTE = OFF, IGNORE_DUP_KEY = OFF, ALLOW_ROW_LOCKS = ON, ALLOW_PAGE_LOCKS = ON) ON [PRIMARY]
) ON [PRIMARY]

GO
/****** Object:  Table [dbo].[PRODUCTS]    Script Date: 07.11.2017 23:18:30 ******/
SET ANSI_NULLS ON
GO
SET QUOTED_IDENTIFIER ON
GO
CREATE TABLE [dbo].[PRODUCTS](
	[PRODUCTS_ID] [int] NOT NULL,
	[PRODUCTS_NAME] [text] NOT NULL,
	[PRICE] [real] NOT NULL,
PRIMARY KEY CLUSTERED 
(
	[PRODUCTS_ID] ASC
)WITH (PAD_INDEX = OFF, STATISTICS_NORECOMPUTE = OFF, IGNORE_DUP_KEY = OFF, ALLOW_ROW_LOCKS = ON, ALLOW_PAGE_LOCKS = ON) ON [PRIMARY]
) ON [PRIMARY] TEXTIMAGE_ON [PRIMARY]

GO
INSERT [dbo].[ACCOUNTS] ([ACCOUNTS_ID], [DESCRIPTION], [BANKS_ID], [ACCOUNTS_SUM], [ACCOUNT]) VALUES (1, N'Примечание счета 1', 1, 10000, 11111111)
INSERT [dbo].[ACCOUNTS] ([ACCOUNTS_ID], [DESCRIPTION], [BANKS_ID], [ACCOUNTS_SUM], [ACCOUNT]) VALUES (2, N'Примечание счета 2', 2, 10000, 22222222)
INSERT [dbo].[ACCOUNTS] ([ACCOUNTS_ID], [DESCRIPTION], [BANKS_ID], [ACCOUNTS_SUM], [ACCOUNT]) VALUES (3, N'Примечание счета 3', 3, 10000, 33333333)
INSERT [dbo].[ACCOUNTS] ([ACCOUNTS_ID], [DESCRIPTION], [BANKS_ID], [ACCOUNTS_SUM], [ACCOUNT]) VALUES (4, N'Примечание счета 4', 4, 10000, 44444444)
INSERT [dbo].[ACCOUNTS] ([ACCOUNTS_ID], [DESCRIPTION], [BANKS_ID], [ACCOUNTS_SUM], [ACCOUNT]) VALUES (5, N'Примечание счета 5', 5, 10000, 55555555)
INSERT [dbo].[ACCOUNTS] ([ACCOUNTS_ID], [DESCRIPTION], [BANKS_ID], [ACCOUNTS_SUM], [ACCOUNT]) VALUES (6, N'Примечание счета 6', 1, 10000, 66666666)
INSERT [dbo].[BANKS] ([BANKS_NAME], [REGION_INFO], [BANKS_ID]) VALUES (N'Bank_1', N'Харьков', 1)
INSERT [dbo].[BANKS] ([BANKS_NAME], [REGION_INFO], [BANKS_ID]) VALUES (N'Bank_2', N'Киев', 2)
INSERT [dbo].[BANKS] ([BANKS_NAME], [REGION_INFO], [BANKS_ID]) VALUES (N'Bank_3', N'Львов', 3)
INSERT [dbo].[BANKS] ([BANKS_NAME], [REGION_INFO], [BANKS_ID]) VALUES (N'Bank_4', N'Харьков', 4)
INSERT [dbo].[BANKS] ([BANKS_NAME], [REGION_INFO], [BANKS_ID]) VALUES (N'Bank_5', N'Киев', 5)
INSERT [dbo].[CLIENTS] ([CLIENTS_ID], [CLIENTS_NAME], [CLIENTS_PHONE], [CLIENTS_MAIL]) VALUES (1, N'Клиент_1', N'+380501234567', N'mail_1@gmail.com')
INSERT [dbo].[CLIENTS] ([CLIENTS_ID], [CLIENTS_NAME], [CLIENTS_PHONE], [CLIENTS_MAIL]) VALUES (2, N'Клиент_2', N'+380666754321', N'mail_2@gmail.com')
INSERT [dbo].[CLIENTS] ([CLIENTS_ID], [CLIENTS_NAME], [CLIENTS_PHONE], [CLIENTS_MAIL]) VALUES (3, N'Клиент_3', N'+380995553322', N'mail_3@gmail.com')
INSERT [dbo].[CLIENTS] ([CLIENTS_ID], [CLIENTS_NAME], [CLIENTS_PHONE], [CLIENTS_MAIL]) VALUES (4, N'Клиент_4', N'+380634445566', N'mail_4@gmail.com')
INSERT [dbo].[CLIENTS] ([CLIENTS_ID], [CLIENTS_NAME], [CLIENTS_PHONE], [CLIENTS_MAIL]) VALUES (5, N'Клиент_5', N'+380992223344', N'mail_5@gmail.net')
INSERT [dbo].[CLIENTS] ([CLIENTS_ID], [CLIENTS_NAME], [CLIENTS_PHONE], [CLIENTS_MAIL]) VALUES (6, N'Клиент_6', N'+380661231230', N'mailto@ukr.net')
INSERT [dbo].[CLIENTS] ([CLIENTS_ID], [CLIENTS_NAME], [CLIENTS_PHONE], [CLIENTS_MAIL]) VALUES (7, N'Клиент_7', N'+380639998877', N'mail_7@ukr.net')
INSERT [dbo].[CLIENTS] ([CLIENTS_ID], [CLIENTS_NAME], [CLIENTS_PHONE], [CLIENTS_MAIL]) VALUES (8, N'Клиент_8', N'+380509876543', N'letter@mail.ua')
INSERT [dbo].[CLIENTS] ([CLIENTS_ID], [CLIENTS_NAME], [CLIENTS_PHONE], [CLIENTS_MAIL]) VALUES (9, N'Клиент_9', N'+380676543218', N'client9@ukr.net')
INSERT [dbo].[CLIENTS] ([CLIENTS_ID], [CLIENTS_NAME], [CLIENTS_PHONE], [CLIENTS_MAIL]) VALUES (10, N'Клиент_10', N'+380962233445', N'mail_10@mail.ua')
INSERT [dbo].[DEPARTMENTS] ([DEPARTMENTS_ID], [DEPARTMENTS_NAME], [REGION_INFO]) VALUES (1, N'Отдел_1', N'Харьков')
INSERT [dbo].[DEPARTMENTS] ([DEPARTMENTS_ID], [DEPARTMENTS_NAME], [REGION_INFO]) VALUES (2, N'Отдел_2', N'Киев')
INSERT [dbo].[DEPARTMENTS] ([DEPARTMENTS_ID], [DEPARTMENTS_NAME], [REGION_INFO]) VALUES (3, N'Отдел_3', N'Харьков')
INSERT [dbo].[DEPARTMENTS] ([DEPARTMENTS_ID], [DEPARTMENTS_NAME], [REGION_INFO]) VALUES (4, N'Отдел_4', N'Львов')
INSERT [dbo].[DEPARTMENTS] ([DEPARTMENTS_ID], [DEPARTMENTS_NAME], [REGION_INFO]) VALUES (5, N'Отдел_5', N'Харьков')
INSERT [dbo].[DEPARTMENTS] ([DEPARTMENTS_ID], [DEPARTMENTS_NAME], [REGION_INFO]) VALUES (6, N'Отдел_6', N'Киев')
INSERT [dbo].[DEPARTMENTS] ([DEPARTMENTS_ID], [DEPARTMENTS_NAME], [REGION_INFO]) VALUES (7, N'Отдел_7', N'Киев')
INSERT [dbo].[EMPLOYEES] ([EMPLOYEES_ID], [EMPLOYEES_NAME], [PHONE], [MAIL], [SALARY], [DEPARTMENTS_ID]) VALUES (1, N'Сотрудник_1', N'+380501112233', N'mail1', 0, 7)
INSERT [dbo].[EMPLOYEES] ([EMPLOYEES_ID], [EMPLOYEES_NAME], [PHONE], [MAIL], [SALARY], [DEPARTMENTS_ID]) VALUES (2, N'Сотрудник_2', N'+380677786543', N'mail2', 0, 5)
INSERT [dbo].[EMPLOYEES] ([EMPLOYEES_ID], [EMPLOYEES_NAME], [PHONE], [MAIL], [SALARY], [DEPARTMENTS_ID]) VALUES (3, N'Сотрудник_3', N'+380504546478', N'mail3', 0, 2)
INSERT [dbo].[EMPLOYEES] ([EMPLOYEES_ID], [EMPLOYEES_NAME], [PHONE], [MAIL], [SALARY], [DEPARTMENTS_ID]) VALUES (4, N'Сотрудник_4', N'+380501213145', N'mail4', 0, 4)
INSERT [dbo].[EMPLOYEES] ([EMPLOYEES_ID], [EMPLOYEES_NAME], [PHONE], [MAIL], [SALARY], [DEPARTMENTS_ID]) VALUES (5, N'Сотрудник_5', N'+380502233111', N'mail5', 0, 3)
INSERT [dbo].[ORDERS] ([ORDERS_ID], [DESCRIPTION], [ORDERS_DATE], [TOTAL_COSTS], [CLIENTS_ID]) VALUES (1, N'Примечание_1', N'2015/03/27', 100, 1)
INSERT [dbo].[ORDERS] ([ORDERS_ID], [DESCRIPTION], [ORDERS_DATE], [TOTAL_COSTS], [CLIENTS_ID]) VALUES (2, N'Примечание_2', N'2015/04/27', 200, 2)
INSERT [dbo].[ORDERS] ([ORDERS_ID], [DESCRIPTION], [ORDERS_DATE], [TOTAL_COSTS], [CLIENTS_ID]) VALUES (3, N'Примечание_3', N'2015/05/27', 300, 3)
INSERT [dbo].[ORDERS] ([ORDERS_ID], [DESCRIPTION], [ORDERS_DATE], [TOTAL_COSTS], [CLIENTS_ID]) VALUES (4, N'Примечание_4', N'2015/06/27', 400, 4)
INSERT [dbo].[ORDERS] ([ORDERS_ID], [DESCRIPTION], [ORDERS_DATE], [TOTAL_COSTS], [CLIENTS_ID]) VALUES (5, N'Примечание_5', N'2015/07/27', 500, 5)
INSERT [dbo].[ORDERS] ([ORDERS_ID], [DESCRIPTION], [ORDERS_DATE], [TOTAL_COSTS], [CLIENTS_ID]) VALUES (6, N'Примечание_6', N'2015/08/27', 600, 6)
INSERT [dbo].[ORDERS] ([ORDERS_ID], [DESCRIPTION], [ORDERS_DATE], [TOTAL_COSTS], [CLIENTS_ID]) VALUES (7, N'Примечание_7', N'2015/09/27', 700, 7)
INSERT [dbo].[ORDERS] ([ORDERS_ID], [DESCRIPTION], [ORDERS_DATE], [TOTAL_COSTS], [CLIENTS_ID]) VALUES (8, N'Примечание_8', N'2015/10/27', 800, 8)
INSERT [dbo].[ORDERS] ([ORDERS_ID], [DESCRIPTION], [ORDERS_DATE], [TOTAL_COSTS], [CLIENTS_ID]) VALUES (9, N'Примечание_9', N'2015/11/27', 900, 9)
INSERT [dbo].[ORDERS] ([ORDERS_ID], [DESCRIPTION], [ORDERS_DATE], [TOTAL_COSTS], [CLIENTS_ID]) VALUES (10, N'Примечание_10', N'2015/12/27', 1000, 10)
INSERT [dbo].[ORDERS_POSITIONS] ([ORDERS_POSITIONS_ID], [ORDERS_ID], [PRODUCTS_ID], [PRICE], [ITEM_COUNT]) VALUES (1, 1, 1, 1000, 2)
INSERT [dbo].[ORDERS_POSITIONS] ([ORDERS_POSITIONS_ID], [ORDERS_ID], [PRODUCTS_ID], [PRICE], [ITEM_COUNT]) VALUES (2, 1, 2, 1000, 4)
INSERT [dbo].[ORDERS_POSITIONS] ([ORDERS_POSITIONS_ID], [ORDERS_ID], [PRODUCTS_ID], [PRICE], [ITEM_COUNT]) VALUES (3, 1, 3, 1000, 6)
INSERT [dbo].[ORDERS_POSITIONS] ([ORDERS_POSITIONS_ID], [ORDERS_ID], [PRODUCTS_ID], [PRICE], [ITEM_COUNT]) VALUES (4, 2, 1, 1000, 1)
INSERT [dbo].[ORDERS_POSITIONS] ([ORDERS_POSITIONS_ID], [ORDERS_ID], [PRODUCTS_ID], [PRICE], [ITEM_COUNT]) VALUES (5, 2, 2, 1000, 3)
INSERT [dbo].[ORDERS_POSITIONS] ([ORDERS_POSITIONS_ID], [ORDERS_ID], [PRODUCTS_ID], [PRICE], [ITEM_COUNT]) VALUES (6, 2, 3, 1000, 5)
INSERT [dbo].[ORDERS_POSITIONS] ([ORDERS_POSITIONS_ID], [ORDERS_ID], [PRODUCTS_ID], [PRICE], [ITEM_COUNT]) VALUES (7, 3, 1, 1000, 2)
INSERT [dbo].[ORDERS_POSITIONS] ([ORDERS_POSITIONS_ID], [ORDERS_ID], [PRODUCTS_ID], [PRICE], [ITEM_COUNT]) VALUES (8, 3, 2, 1000, 4)
INSERT [dbo].[ORDERS_POSITIONS] ([ORDERS_POSITIONS_ID], [ORDERS_ID], [PRODUCTS_ID], [PRICE], [ITEM_COUNT]) VALUES (9, 3, 3, 1000, 6)
INSERT [dbo].[ORDERS_POSITIONS] ([ORDERS_POSITIONS_ID], [ORDERS_ID], [PRODUCTS_ID], [PRICE], [ITEM_COUNT]) VALUES (10, 4, 10, 1000, 3)
INSERT [dbo].[ORDERS_POSITIONS] ([ORDERS_POSITIONS_ID], [ORDERS_ID], [PRODUCTS_ID], [PRICE], [ITEM_COUNT]) VALUES (11, 4, 9, 1000, 5)
INSERT [dbo].[ORDERS_POSITIONS] ([ORDERS_POSITIONS_ID], [ORDERS_ID], [PRODUCTS_ID], [PRICE], [ITEM_COUNT]) VALUES (12, 4, 8, 1000, 7)
INSERT [dbo].[ORDERS_POSITIONS] ([ORDERS_POSITIONS_ID], [ORDERS_ID], [PRODUCTS_ID], [PRICE], [ITEM_COUNT]) VALUES (13, 5, 10, 1000, 10)
INSERT [dbo].[ORDERS_POSITIONS] ([ORDERS_POSITIONS_ID], [ORDERS_ID], [PRODUCTS_ID], [PRICE], [ITEM_COUNT]) VALUES (14, 5, 9, 1000, 20)
INSERT [dbo].[ORDERS_POSITIONS] ([ORDERS_POSITIONS_ID], [ORDERS_ID], [PRODUCTS_ID], [PRICE], [ITEM_COUNT]) VALUES (15, 5, 8, 1000, 30)
INSERT [dbo].[ORDERS_POSITIONS] ([ORDERS_POSITIONS_ID], [ORDERS_ID], [PRODUCTS_ID], [PRICE], [ITEM_COUNT]) VALUES (16, 6, 4, 1000, 2)
INSERT [dbo].[ORDERS_POSITIONS] ([ORDERS_POSITIONS_ID], [ORDERS_ID], [PRODUCTS_ID], [PRICE], [ITEM_COUNT]) VALUES (17, 6, 5, 1000, 3)
INSERT [dbo].[ORDERS_POSITIONS] ([ORDERS_POSITIONS_ID], [ORDERS_ID], [PRODUCTS_ID], [PRICE], [ITEM_COUNT]) VALUES (18, 6, 6, 1000, 4)
INSERT [dbo].[ORDERS_POSITIONS] ([ORDERS_POSITIONS_ID], [ORDERS_ID], [PRODUCTS_ID], [PRICE], [ITEM_COUNT]) VALUES (19, 7, 4, 978, 9)
INSERT [dbo].[ORDERS_POSITIONS] ([ORDERS_POSITIONS_ID], [ORDERS_ID], [PRODUCTS_ID], [PRICE], [ITEM_COUNT]) VALUES (20, 7, 5, 1000, 8)
INSERT [dbo].[ORDERS_POSITIONS] ([ORDERS_POSITIONS_ID], [ORDERS_ID], [PRODUCTS_ID], [PRICE], [ITEM_COUNT]) VALUES (21, 7, 6, 1000, 7)
INSERT [dbo].[ORDERS_POSITIONS] ([ORDERS_POSITIONS_ID], [ORDERS_ID], [PRODUCTS_ID], [PRICE], [ITEM_COUNT]) VALUES (22, 8, 7, 1000, 4)
INSERT [dbo].[ORDERS_POSITIONS] ([ORDERS_POSITIONS_ID], [ORDERS_ID], [PRODUCTS_ID], [PRICE], [ITEM_COUNT]) VALUES (23, 8, 6, 1000, 5)
INSERT [dbo].[ORDERS_POSITIONS] ([ORDERS_POSITIONS_ID], [ORDERS_ID], [PRODUCTS_ID], [PRICE], [ITEM_COUNT]) VALUES (24, 8, 5, 1000, 6)
INSERT [dbo].[ORDERS_POSITIONS] ([ORDERS_POSITIONS_ID], [ORDERS_ID], [PRODUCTS_ID], [PRICE], [ITEM_COUNT]) VALUES (25, 9, 7, 1000, 0)
INSERT [dbo].[ORDERS_POSITIONS] ([ORDERS_POSITIONS_ID], [ORDERS_ID], [PRODUCTS_ID], [PRICE], [ITEM_COUNT]) VALUES (26, 9, 6, 1000, 12)
INSERT [dbo].[ORDERS_POSITIONS] ([ORDERS_POSITIONS_ID], [ORDERS_ID], [PRODUCTS_ID], [PRICE], [ITEM_COUNT]) VALUES (27, 9, 5, 1000, 1)
INSERT [dbo].[ORDERS_POSITIONS] ([ORDERS_POSITIONS_ID], [ORDERS_ID], [PRODUCTS_ID], [PRICE], [ITEM_COUNT]) VALUES (28, 10, 7, 1000, 30)
INSERT [dbo].[ORDERS_POSITIONS] ([ORDERS_POSITIONS_ID], [ORDERS_ID], [PRODUCTS_ID], [PRICE], [ITEM_COUNT]) VALUES (29, 10, 8, 1000, 5)
INSERT [dbo].[ORDERS_POSITIONS] ([ORDERS_POSITIONS_ID], [ORDERS_ID], [PRODUCTS_ID], [PRICE], [ITEM_COUNT]) VALUES (30, 10, 9, 1000, 5)
INSERT [dbo].[PRODUCTS] ([PRODUCTS_ID], [PRODUCTS_NAME], [PRICE]) VALUES (1, N'Product_1', 1.5)
INSERT [dbo].[PRODUCTS] ([PRODUCTS_ID], [PRODUCTS_NAME], [PRICE]) VALUES (2, N'Product_2', 12.3)
INSERT [dbo].[PRODUCTS] ([PRODUCTS_ID], [PRODUCTS_NAME], [PRICE]) VALUES (3, N'Product_3', 14.55)
INSERT [dbo].[PRODUCTS] ([PRODUCTS_ID], [PRODUCTS_NAME], [PRICE]) VALUES (4, N'Product_4', 23)
INSERT [dbo].[PRODUCTS] ([PRODUCTS_ID], [PRODUCTS_NAME], [PRICE]) VALUES (5, N'Product_5', 32.5)
INSERT [dbo].[PRODUCTS] ([PRODUCTS_ID], [PRODUCTS_NAME], [PRICE]) VALUES (6, N'Product_6', 67.2)
INSERT [dbo].[PRODUCTS] ([PRODUCTS_ID], [PRODUCTS_NAME], [PRICE]) VALUES (7, N'Product_7', 12)
INSERT [dbo].[PRODUCTS] ([PRODUCTS_ID], [PRODUCTS_NAME], [PRICE]) VALUES (8, N'Product_8', 25)
INSERT [dbo].[PRODUCTS] ([PRODUCTS_ID], [PRODUCTS_NAME], [PRICE]) VALUES (9, N'Product_9', 34.99)
INSERT [dbo].[PRODUCTS] ([PRODUCTS_ID], [PRODUCTS_NAME], [PRICE]) VALUES (10, N'Product_10', 99.99)
ALTER TABLE [dbo].[ACCOUNTS] ADD  DEFAULT ((0.00)) FOR [ACCOUNTS_SUM]
GO
ALTER TABLE [dbo].[ORDERS] ADD  DEFAULT ((0.00)) FOR [TOTAL_COSTS]
GO
ALTER TABLE [dbo].[ORDERS_POSITIONS] ADD  DEFAULT ((0.00)) FOR [PRICE]
GO
ALTER TABLE [dbo].[ACCOUNTS]  WITH CHECK ADD  CONSTRAINT [FK_BANK_ID] FOREIGN KEY([BANKS_ID])
REFERENCES [dbo].[BANKS] ([BANKS_ID])
ON UPDATE CASCADE
ON DELETE CASCADE
GO
ALTER TABLE [dbo].[ACCOUNTS] CHECK CONSTRAINT [FK_BANK_ID]
GO
ALTER TABLE [dbo].[ACCOUNTS_TO_CLIENTS]  WITH CHECK ADD  CONSTRAINT [FK_ACC_ID] FOREIGN KEY([ACCOUNTS_ID])
REFERENCES [dbo].[ACCOUNTS] ([ACCOUNTS_ID])
ON UPDATE CASCADE
ON DELETE CASCADE
GO
ALTER TABLE [dbo].[ACCOUNTS_TO_CLIENTS] CHECK CONSTRAINT [FK_ACC_ID]
GO
ALTER TABLE [dbo].[ACCOUNTS_TO_CLIENTS]  WITH CHECK ADD  CONSTRAINT [FK_CLIENTS_ID] FOREIGN KEY([CLIENTS_ID])
REFERENCES [dbo].[CLIENTS] ([CLIENTS_ID])
ON UPDATE CASCADE
ON DELETE CASCADE
GO
ALTER TABLE [dbo].[ACCOUNTS_TO_CLIENTS] CHECK CONSTRAINT [FK_CLIENTS_ID]
GO
ALTER TABLE [dbo].[EMPLOYEES]  WITH CHECK ADD  CONSTRAINT [FK_EMP_DEPARTMENTS_ID] FOREIGN KEY([DEPARTMENTS_ID])
REFERENCES [dbo].[DEPARTMENTS] ([DEPARTMENTS_ID])
ON UPDATE CASCADE
ON DELETE CASCADE
GO
ALTER TABLE [dbo].[EMPLOYEES] CHECK CONSTRAINT [FK_EMP_DEPARTMENTS_ID]
GO
ALTER TABLE [dbo].[EMPLOYEES_TO_GROUPS]  WITH CHECK ADD  CONSTRAINT [FK_EMPTG_EMPLOYEES_ID] FOREIGN KEY([EMPLOYEES_ID])
REFERENCES [dbo].[EMPLOYEES] ([EMPLOYEES_ID])
ON UPDATE CASCADE
ON DELETE CASCADE
GO
ALTER TABLE [dbo].[EMPLOYEES_TO_GROUPS] CHECK CONSTRAINT [FK_EMPTG_EMPLOYEES_ID]
GO
ALTER TABLE [dbo].[EMPLOYEES_TO_GROUPS]  WITH CHECK ADD  CONSTRAINT [FK_EMPTG_GROUPS_ID] FOREIGN KEY([GROUPS_ID])
REFERENCES [dbo].[GROUPS] ([GROUPS_ID])
ON UPDATE CASCADE
ON DELETE CASCADE
GO
ALTER TABLE [dbo].[EMPLOYEES_TO_GROUPS] CHECK CONSTRAINT [FK_EMPTG_GROUPS_ID]
GO
ALTER TABLE [dbo].[EMPLOYEES_TO_GROUPS_HISTORY]  WITH CHECK ADD  CONSTRAINT [FK_EMPTGH_EMPLOYEES_ID] FOREIGN KEY([EMPLOYEES_ID])
REFERENCES [dbo].[EMPLOYEES] ([EMPLOYEES_ID])
ON UPDATE CASCADE
ON DELETE CASCADE
GO
ALTER TABLE [dbo].[EMPLOYEES_TO_GROUPS_HISTORY] CHECK CONSTRAINT [FK_EMPTGH_EMPLOYEES_ID]
GO
ALTER TABLE [dbo].[EMPLOYEES_TO_GROUPS_HISTORY]  WITH CHECK ADD  CONSTRAINT [FK_EMPTGH_GROUPS_ID] FOREIGN KEY([GROUPS_ID])
REFERENCES [dbo].[GROUPS] ([GROUPS_ID])
ON UPDATE CASCADE
ON DELETE CASCADE
GO
ALTER TABLE [dbo].[EMPLOYEES_TO_GROUPS_HISTORY] CHECK CONSTRAINT [FK_EMPTGH_GROUPS_ID]
GO
ALTER TABLE [dbo].[ORDERS]  WITH CHECK ADD  CONSTRAINT [FK_ORD_CLIENTS_ID] FOREIGN KEY([CLIENTS_ID])
REFERENCES [dbo].[CLIENTS] ([CLIENTS_ID])
ON UPDATE CASCADE
ON DELETE CASCADE
GO
ALTER TABLE [dbo].[ORDERS] CHECK CONSTRAINT [FK_ORD_CLIENTS_ID]
GO
ALTER TABLE [dbo].[ORDERS_POSITIONS]  WITH CHECK ADD  CONSTRAINT [FK_OP_ORDERS_ID] FOREIGN KEY([ORDERS_ID])
REFERENCES [dbo].[ORDERS] ([ORDERS_ID])
ON UPDATE CASCADE
ON DELETE CASCADE
GO
ALTER TABLE [dbo].[ORDERS_POSITIONS] CHECK CONSTRAINT [FK_OP_ORDERS_ID]
GO
ALTER TABLE [dbo].[ORDERS_POSITIONS]  WITH CHECK ADD  CONSTRAINT [FK_OP_PRODUCTS_ID] FOREIGN KEY([PRODUCTS_ID])
REFERENCES [dbo].[PRODUCTS] ([PRODUCTS_ID])
ON UPDATE CASCADE
ON DELETE CASCADE
GO
ALTER TABLE [dbo].[ORDERS_POSITIONS] CHECK CONSTRAINT [FK_OP_PRODUCTS_ID]
GO
ALTER TABLE [dbo].[EMPLOYEES_TO_GROUPS_HISTORY]  WITH CHECK ADD  CONSTRAINT [CK_END_DATE] CHECK  (([END_DATE]<=getdate()))
GO
ALTER TABLE [dbo].[EMPLOYEES_TO_GROUPS_HISTORY] CHECK CONSTRAINT [CK_END_DATE]
GO
